LUKE	echo three to echo seven han old buddy do you read me
HAN	loud and clear kid what will up
LUKE	well i finished my circle i docan not pick up any life readings
HAN	there iscan not enough life on this ice cube to fill a space cruiser the sensors are placed ilet us going back
LUKE	right i have see you shortly there will a meteorite that hit the ground near here i want to check it out it will not take long hey steady girl what will the matter you smell something aaargh
===	===
HAN	chewie all right docan not lose your temper i have come right back and give you a hand
===	===
RIEEKAN	solo
HAN	no sign of life out there general the sensors are in place you have know if anything comes around
RIEEKAN	commander skywalker reported in yet
HAN	no he will checking out a meteorite that hit near him
RIEEKAN	with all the meteor activity in this system it will going to be difficult to spot approaching ships
HAN	general i are got to leave i  had stay anymore
RIEEKAN	ilet us sorry to hear that
HAN	well there will a price on my head if i docan not pay off jabba the hut ilet us a dead man
RIEEKAN	a death mark will not an easy thing to live with you am a good fighter solo i hate to lose you
HAN	thank you general well your highness i guess this is it
LEIA	that will right
HAN	well docan not get all mushy on me so long princess
===	===
LEIA	han
HAN	yes your highnessness
LEIA	i thought you decided to stay
HAN	well the bounty hunter we ran into on ord mantell changed my mind
LEIA	han we need you
HAN	we
LEIA	yes
HAN	oh what about you need
LEIA	i need i docan not know what you am talking about
HAN	you probably docan not
LEIA	and what precisely am i supposed to know
HAN	come on you want me to stay because of the way you feel about me
LEIA	yes you am a great help to us you am a natural leader 
HAN	no that will not it come on aahhh   uh huh come on
LEIA	you am imagining things
HAN	am i then why are you following me afraid i was going to leave without giving you a goodbye kiss
LEIA	i is just as soon kiss a wookiee
HAN	i can arrange that you could use a good kiss
===	===
C-3PO	docan not try to blame me i didcan not ask you to turn on the thermal heater i merely commented that it was freezing in the princess will chamber but it will supposed to be freezing how are we going to dry out all her clothes i really docan not know oh switch off
===	===
HAN	why do you take this apart now ilet us trying to get us out of here and you pull both of these
C-3PO	excuse me sir
HAN	put them back together right now
C-3PO	might i have a word with you please
HAN	what do you want
C-3PO	well it will princess leia sir she will been trying to get you on the communicator
HAN	i turned it off i docan not want to talk to her
C-3PO	oh well princess leia is wondering about master luke he hascan not come back yet she doescan not know where he is
HAN	i docan not know where he is
C-3PO	nobody knows where he is
HAN	what do you mean  nobody knows 
C-3PO	well uh you see 
HAN	deck officer deck officer
C-3PO	excuse me sir might i inqu 
DECK OFFICER	yes sir
HAN	do you know where commander skywalker is
DECK OFFICER	i havecan not seen him it will possible he came in through the south entrance
HAN	it will possible why docan not you go find out it will getting dark out there
DECK OFFICER	yes sir
C-3PO	excuse me sir might i inquire what will going on
HAN	why not
C-3PO	impossible man come along artoo lets find princess leia between ourselves i think master luke is in considerable danger
===	===
DECK OFFICER	sir commander skywalker hascan not come in through the south entrance he might have forgotten to check in
HAN	not likely are the speeders ready
DECK OFFICER	not yet we am having some trouble adapting them to the cold
HAN	then we have have to go out on tauntauns
DECK OFFICER	sir the temperature will dropping too rapidly
HAN	that will right and my friends out in it
ASSISTANT OFFICER	i have cover sector twelve have comcontrol set screen alpha
DECK OFFICER	your tauntaun have freeze before you reach the first marker
HAN	then i have see you in hell
===	===
C-3PO	you must come along now artoo there will really nothing more we can do and my joints are freezing up docan not say thing like that of course we have see master luke again he have be quite all right you have see to himself stupid little shortcircuit he have be quite all right
===	===
LIEUTENANT	sir all the patrols are in there will still no contact from skywalker or solo
C-3PO	mistress leia artoo says he will been quite unable to pick up any signals although he does admit that his own range is far too weak to abandon all hope
DERLIN	your highness there will nothing more we can do tonight the shield doors must be closed close the doors
LIEUTENANT	yes sir
C-3PO	artoo says the chances of survival are seven hundred seventyfive to one actually artoo has been known to make mistakes from time to time oh dear oh dear docan not worry about master luke ilet us sure he have be all right he will quite clever you know for a human being
===	===
OBI-WAN	luke luke
LUKE	ben
OBI-WAN	you will go to the dagobah system
LUKE	dagobah system
OBI-WAN	there you will learn from yoda the jedi master who instructed me
LUKE	ben ben
HAN	luke luke docan not do this luke come on give me a sign here not much time
LUKE	ben ben 
HAN	hang on kid
LUKE	dagobah system 
HAN	whew 
LUKE	dagobah 
HAN	this may smell bad kid 
LUKE	yoda 
HAN	 but it will keep you warm til i get the shelter built struggling to get luke in the carcass ooh i thought they smelled bad on the outside
===	===
ZEV	echo base i are got something not much but it could be a life form
===	===
ZEV	this is rouge two this is rouge two captain solo so you copy commander skywalker do you copy this is rouge two
HAN	good morning nice of you guys to drop by
ZEV	echo base this is rouge two i found them repeat i found them
===	===
C-3PO	master luke sir it will good to see you fully functional again artoo expresses his relief also
HAN	how are you feeling kid you docan not look so bad to me in fact you look strong enough to pull the ears off a gundark
LUKE	thanks to you
HAN	that will two you owe me junior well your worship looks like you managed to keep me around for a little while longer
LEIA	i had nothing to do with it general rieekan thinks it will dangerous for any ships to leave the system until we are activated the energy shield
HAN	that will a good story i think you just  had bear to let a gorgeous guy like me out of your sight
LEIA	i docan not know where you get you delusions laser brain
HAN	laugh it up fuzz ball but you didcan not see us alone in the south passage she expressed her true feelings for me
LEIA	my  why you stuck up halfwitted scruffylooking  nerfherder
HAN	who will scruffylooking  i must have hit her pretty close to the mark to get her all riled up like that huh kid
LEIA	why i guess you docan not know everything about women yet
ANNOUNCER	headquarters personnel report to command center
HAN	take it easy
C-3PO	excuse us please
===	===
RIEEKAN	princess we have a visitor we are picked up something outside the base in zone twelve moving east
SENIOR CONTROLLER	it will metal
LEIA	then it couldcan not be one of those creatures that attacked luke
HAN	it could be a speeder one of ours
SENIOR CONTROLLER	no wait   there will something very weak coming through
C-3PO	sir i am fluent in six million forms of communication this signal is not used by the alliance it could be an imperial code
HAN	it iscan not friendly whatever it is come on chewie would not check it out
RIEEKAN	send rouges ten and eleven to station threeeight
===	===
HAN	afraid there will not much left
LEIA	what was it
HAN	droid of some kind i didcan not hit it that hard it must have had a selfdestruct
LEIA	an imperial probe droid
HAN	it will a good bet the empire knows we am here
RIEEKAN	we is better start the evacuation
===	===
PIETT	admiral
OZZEL	yes captain
PIETT	i think we are got something sir the report is only a fragment had
OZZEL	we have thousands of probe droids searching the galaxy i want proof not leads
PIETT	the visuals indicate life readings
OZZEL	it could mean anything if we followed every lead 
PIETT	but sir the hoth system is supposed to be devoid of human forms
ANAKIN	you found something
PIETT	yes my lord
ANAKIN	that will it the rebels are there
OZZEL	my lord there are so many uncharted settlements it could be smugglers it could be 
ANAKIN	that is the system and ilet us sure skywalker is with them set your course for the hoth system general veers prepare you men
===	===
REBEL CAPTAIN	groups seven and ten will stay behind to fly the speeders as soon as each transport is loaded evacuation control will give clearance for immediate launch
REBEL FIGHTER	right sir
===	===
HAN	okay that will it try it off turn it off turn it off off
===	===
MEDICAL DROID	sir it will take quite awhile to evacuate the tforty sevens
LUKE	well forget the heavy equipment there will plenty of time to get the smaller modules on the transports
MEDICAL DROID	take care sir
LUKE	thanks
===	===
LUKE	chewie take care of yourself okay
HAN	hi kid  there will got to be a reason for it check it at the other end wait a second to luke you all right
LUKE	yeah
HAN	be careful
LUKE	you too
===	===
CONTROLLER	general there will a fleet of star destroyers coming out of hyperspace in sector four
RIEEKAN	reroute all power to the energy shield we are got to hold them till all transports are away prepare for ground assault
===	===
ANAKIN	what is it general
VEERS	my lord the fleet has moves out of lightspeed comscan has detected an energy field protecting an area around the sixth planet of the hoth system the field is strong enough to deflect any bombardment
ANAKIN	the rebels are alerted to our presence admiral ozzel came out of lightspeed too close to the system
VEERS	he felt surprise was wiser 
ANAKIN	he is as clumsy as he is stupid general prepare your troops for a surface attack
VEERS	yes my lord
OZZEL	lord vader the fleet has moved out of lightspeed and we am preparing to aaagh
ANAKIN	you have failed me for the last time admiral captain piett
PIETT	yes my lord
ANAKIN	make ready to land out troops beyond the energy shield and deploy the fleet so that nothing gets off that system you are in command now admiral piett
PIETT	thank you lord vader
===	===
LEIA	all troop carriers will assemble at the north entrance the heavy transport ships will leave as soon as they am loaded only two fighter escorts per ship the energy shield can only be opened for a short time so you have have to stay very close to your transports
HOBBIE	two fighters against a star destroyer
LEIA	the ion cannon will fire several shots to make sure that any enemy ships will be out of your flight path when you are gotten past the energy shield proceed directly to the rendezvous point understood
PILOTS	right okay
LEIA	good luck
DERLIN	okay everyone to your stations let will go
===	===
RIEEKAN	their primary target will be the power generators prepare to open the shield
===	===
CONTROLLER	sir rebel ships are coming into our sector
CAPTAIN	good our first catch of the day
===	===
WOMAN CONTROLLER	stand by ion control fire
===	===
ANNOUNCER	the first transport is away
DACK	feeling all right sir
LUKE	just like new dack how about you
DACK	right now i feel i could take on the whole empire myself
LUKE	i know what you mean
===	===
TRENCH OFFICER	echo station threeteight
===	===
TRENCH OFFICER	we have spotted imperial walkers
CONTROLLER	imperial walkers on the north ridge
===	===
LUKE	echo station fiveseven we am on our way
===	===
LUKE	all right boys keep tight now
DACK	luke i have no approach vector ilet us not set
LUKE	steady dack attack pattern delta go now
===	===
LUKE	all right ilet us coming in hobbie you still with me
===	===
LUKE	that armor will too strong for blasters rouge group use your harpoons and tow cables go for the legs it might be our only chance of stopping them to dack all right stand by dack
DACK	luke we are got a malfunction in fire control i have have to cut in the auxiliary
LUKE	just hang on hang on dack get ready to fire that tow cable
===	===
LUKE	dack dack
===	===
VEERS	yes lord vader i are reached the main power generator the shield will be down in moments you may start your landing
===	===
LUKE	rouge three
===	===
WEDGE	copy rouge leader
LUKE	wedge i are lost my gunner you have have to make this shot i have cover for you set your harpoon follow me on the next pass
WEDGE	coming around rouge leader
===	===
LUKE	steady rouge two
===	===
WEDGE	activate harpoon
===	===
WEDGE	good shot janson
===	===
WEDGE	one more pass
JANSON	coming around once more
===	===
JANSON	one more cable out let her go
WEDGE	detach cable
===	===
JANSON	cable detached
===	===
TRENCH OFFICER	come on
===	===
WEDGE	whooha that got him
===	===
LUKE	i see it wedge good work
===	===
RIEEKAN	i docan not think we can protect two transports at a time
LEIA	it will risky but we  had hold out much longer we have no choice
RIEEKAN	launch patrols
LEIA	evacuate remaining ground staff
===	===
HAN	no no no this one goes there that one goes there right
C-3PO	artoo you take good care of master luke now understand and do take care of yourself oh dear oh dear
===	===
VEERS	all troops will debark for ground assault prepare to target the main generator
===	===
LUKE	rouge two are you all right
===	===
ZEV	yeah ilet us with you rouge leader
===	===
LUKE	we have set harpoon i have cover for you
===	===
ZEV	coming around
===	===
LUKE	watch that cross fire boys
===	===
ZEV	set for position three  steady
LUKE	stay tight and low
===	===
LUKE	hobbie i are been hit
===	===
HAN	you all right
LEIA	why are you still here
HAN	i heard the command center had been hit
LEIA	you got your clearance to leave
HAN	docan not worry i have leave first ilet us going to get you to your ship
C-3PO	your highness we must take this last transport it will our only hope
LEIA	send all troops in sector twelve to the south slope to protect the fighters
ANNOUNCER	imperial troops have entered the base
HAN	come on that will it
LEIA	give the evacuation code signal and get to your transports
HEAD CONTROLLER	konezero all troops disengage
C-3PO	oh wait for me
===	===
OFFICER	begin retreat
SECOND OFFICER	fall back
===	===
VEERS	distance to power generators
PILOT	oneseven decimal twoeight
VEERS	target maximum fire power
===	===
HAN	transport this is solo better take off   i  had get to you i have get the princess out on the falcon
C-3PO	but but but where are you going uh come back
===	===
C-3PO	wait wait for me wait stop how typical
HAN	come on
===	===
HAN	hurry up goldenrod or you am going to be a permanent resident
C-3PO	wait wait
===	===
HAN	how will this
LEIA	would it helped if i got out and pushed
HAN	it might
C-3PO	captain solo captain solo sir might i suggest that you  it can wait
===	===
LEIA	the bucket of bolts is never going to get us past that blockade
HAN	this baby will got a few surprises left in her sweetheart
===	===
HAN	come on come on switch over let will hope we docan not have a burnout see
LEIA	someday you am going to be wrong and i hope ilet us there to see it
HAN	punch it
===	===
LUKE	artoo get her ready for takeoff
WEDGE	good luck luke see you at the rendezvous
LUKE	docan not worry artoo we am going we am going
===	===
LUKE	there will nothing wrong artoo ilet us just setting a new course we am not going to regroup with the others we am going to the dagobah system yes artoo that will all right i is like to keep it on manual control for a while
===	===
HAN	i saw them i saw them
LEIA	saw what
HAN	star destroyers two of them coming right at us
C-3PO	sir sir might i suggest 
HAN	shut him up or shut him down  check the deflector shield oh great well we can still outmaneuver them
===	===
IMPERIAL OFFICER	take evasive action
===	===
HAN	prepare to make the jump to lightspeed
C-3PO	but sir
LEIA	they am getting closer
HAN	oh yeah watch this
LEIA	watch what
HAN	i think we am in trouble
C-3PO	if i may say so sir i noticed earlier the hyperdrive motivator has been damaged it will impossible to go to lightspeed
HAN	we am in trouble
===	===
HAN	horizontal boosters  alluvial dampers  well that will not it bring me the hydrospanners i docan not know how we am going to get out of this one oww chewie that was no laser blast something hit us
LEIA	han get up here
HAN	come on chewie
===	===
LEIA	asteroids
HAN	oh no chewie set twosevenone
LEIA	what are you doing you am not actually going into an asteroid field
HAN	they is be crazy to follow us wouldcan not they
LEIA	you docan not have to do this to impress me
C-3PO	sir the possibility of successfully navigating an asteroid field is approximately three thousand seven hundred and twenty to one
HAN	never tell me the odds
===	===
HAN	you said you wanted to be around when i made a mistake well this could be it sweetheart
LEIA	i take it back we am going to get pulverized if we stay out here much longer
HAN	ilet us not going to argue with that
C-3PO	pulverized
HAN	ilet us going in closer to one of the big ones
LEIA	closer
C-3PO	closer
===	===
C-3PO	oh this is suicide
HAN	there that looks pretty good
LEIA	what looks pretty good
HAN	yeah that have do nicely
C-3PO	excuse me ma am but where are we going
===	===
LEIA	i hope you know what you am doing
HAN	yeah me too
===	===
LUKE	yes that will it dagobah no ilet us not going to change my mind about this getting a little nervous ilet us not picking up any cities or technology massive lifeform readings though there will something alive down there  yes ilet us sure it will perfectly safe for droids
===	===
LUKE	i know i know all the scopes are dead i  had see a thing just hang on ilet us going to start the landing cycle 
===	===
LUKE	no artoo you stay put i have have a look around artoo artoo where are you artoo you be more careful artoo   that way artoo oh no are you all right come on you am lucky you docan not taste very good anything broken if you am saying coming here was a bad idea ilet us beginning to agree with you oh artoo what are we doing here it will like  something out of a dream or i docan not know maybe ilet us just going crazy
===	===
ANAKIN	yes admiral
PIETT	our ships have sighted the millennium falcon lord but it has entered an asteroid field and we cannot risk 
ANAKIN	asteroids do not concern me admiral i want that ship and not excuses
PIETT	yes lord
===	===
HAN	ilet us going to shut down everything but the emergency power systems
C-3PO	sir ilet us almost afraid to ask but does that include shutting me down too
HAN	no i need you to talk to the falcon find out what will wrong with the hyperdrive
C-3PO	sir it will quite possible this asteroid is not entirely stable
HAN	not entirely stable ilet us glad you am here to tell us these things  chewie take the professor in the back and plug him into the hyperdrive
C-3PO	oh sometimes i just docan not understand human behavior after all ilet us only trying to do my job in the most 
LEIA	let go
HAN	sshh
LEIA	let go please
HAN	docan not get excited
LEIA	captain being held by you iscan not quite enough to get me excited
HAN	sorry sweetheart we havecan not got time for anything else
===	===
LUKE	ready for some power okay let will see now put that in there there you go now all i have to do is find this yoda if he even exists still there will something familiar about this place i feel like i docan not know 
STRANGE VOICE	feel like what
LUKE	like we am being watched
YODA	away with your weapon i mean you no harm i am wondering why are you here
LUKE	ilet us looking for someone
YODA	looking found someone you have i would say hmmm
LUKE	right
YODA	help you i can yes mmmm
LUKE	i docan not think so ilet us looking for a great warrior
YODA	ahhh a great warrior  wars not make one great
LUKE	put that down hey that will my dinner
YODA	how you get so big eating food of this kind
LUKE	listen friend we didcan not mean to land in that puddle and if we could get our ship out we would but we  had so why docan not you just 
YODA	aww cannot get your ship out
LUKE	hey you could have broken this docan not do that ohhh you am making a mess hey give me that
YODA	mine or i will help you not
LUKE	i docan not want your help i want my lamp back i have need it to get out of this slimy mudhole
YODA	mudhole slimy my home this is ah ah ah
LUKE	oh artoo let him have it
YODA	mine mine
LUKE	artoo
YODA	mine
LUKE	now will you move along little fella we am got a lot of work to do
YODA	no no no stay and help you i will  find your friend hmm
LUKE	ilet us not looking for a friend ilet us looking for a jedi master
YODA	oohhh jedi master yoda you seek yoda
LUKE	you know him
YODA	mmm take you to him i will  yes yes but now we must eat come good food come come come
LUKE	stay here and watch after the camp artoo
===	===
C-3PO	oh where is artoo when i need him sir i docan not know where your ship learned to communicate but it has the most peculiar dialect i believe sir it says that the power coupling on the negative axis has been polarized ilet us afraid you have have to replace it
HAN	well of course i have have to replace it here and chewie   i think we is better replace the negative power coupling hey your worship ilet us only trying to help
LEIA	would you please stop calling me that
HAN	sure leia
LEIA	oh you make it so difficult sometimes
HAN	i do i really do you could be a little nicer though he watches her reaction come on admit it sometimes you think ilet us all right
LEIA	occasionally  maybe when you arecan not acting like a scoundrel
HAN	scoundrel scoundrel i like the sound of that
LEIA	stop that
HAN	stop what
LEIA	stop that my hands are dirty
HAN	my hands are dirty too what are you afraid of
LEIA	afraid
HAN	you am trembling
LEIA	ilet us not trembling
HAN	you like me because ilet us a scoundrel there arecan not enough scoundrels in your life
LEIA	i happen to like nice men
HAN	ilet us a nice man
LEIA	no you am not you am 
C-3PO	sir sir i are isolated the reverse power flux coupling
HAN	thank you thank you very much
C-3PO	oh you am perfectly welcome sir
===	===
NEEDA	 and that lord vader was the last time they appeared in any of our scopes considering the amount of damage we are sustained they must have been destroyed
ANAKIN	no captain they am alive i want every ship available to sweep the asteroid field until they are found
PIETT	lord vader
ANAKIN	yes admiral what is it
PIETT	the emperor commands you make contact with him
ANAKIN	move the ship out of the asteroid field so that we can send a clear transmission
PIETT	yes my lord
===	===
ANAKIN	what is thy bidding my master
DARTH SIDIOUS	there is a great disturbance in the force
ANAKIN	i have felt it
DARTH SIDIOUS	we have a new enemy   luke skywalker
ANAKIN	yes my master
DARTH SIDIOUS	he could destroy us
ANAKIN	he will just a boy obiwan can no longer help him
DARTH SIDIOUS	the force is strong with him the son of skywalker must not become a jedi
ANAKIN	if he could be turned he would become a powerful ally
DARTH SIDIOUS	yes yes he would be a great asset can it be done
ANAKIN	he will join us or die my master
===	===
LUKE	look ilet us sure it will delicious i just docan not understand why we  had see yoda now
YODA	patience for the jedi it is time to eat as well eat eat hot good food hm good hmm
LUKE	how far away is yoda will it take us long to get there
YODA	not far yoda not far patience soon you will be with him tasting food from the pot rootleaf i cook why wish you become jedi hm
LUKE	mostly because of my father i guess
YODA	ah your father powerful jedi was he powerful jedi mmm
LUKE	oh come on how could you know my father you docan not even know who i am fed up oh i docan not even know what ilet us doing here we am wasting our time
YODA	i cannot teach him the boy has no patience
OBI-WAN	he will learn patience
YODA	hmmm much anger in him like his father
OBI-WAN	was i any different when you taught me
YODA	hah he is not ready
LUKE	yoda i am ready i ben i can be a jedi ben tell him ilet us ready
YODA	ready are you what know you of ready for eight hundred years have i trained jedi my own counsel will i keep on who is to be trained a jedi must have the deepest commitment the most serious mind to the invisible ben indicating luke this one a long time have i watched never his mind on where he was hmm what he was doing hmph adventure heh excitement heh a jedi craves not these things turning to luke you are reckless
OBI-WAN	so was i if you have remember
YODA	he is too old yes too old to begin the training
LUKE	but i are learned so much
YODA	will he finished what he begins
LUKE	i will not fail you   ilet us not afraid
YODA	oh you will be you will be
===	===
C-3PO	sir if i may venture an opinion 
HAN	ilet us not really interested in your opinion threepio
LEIA	there will something out there
HAN	where
LEIA	outside in the cave
C-3PO	there it is listen listen
HAN	ilet us going out there
LEIA	are you crazy
HAN	i just got this bucket back together ilet us not going to let something tear it apart
LEIA	then ilet us going with you
C-3PO	i think it might be better if i stay here and guard the ship hears another mysterious noise oh no
===	===
LEIA	this ground sure feels strange it doescan not feel like rock at all
HAN	there will an awful lot of moisture in here
LEIA	i docan not know i have a bad feeling about this
HAN	yeah watch out yeah that will what i thought mynock chewie check the rest of the ship make sure there arecan not any more attached they am chewing on the power cables
LEIA	mynocks
HAN	go on inside we have clean them off if there are any more
C-3PO	ohhh go away go away beastly thing shoo shoo
HAN	wait a minute 
===	===
HAN	all right chewie would not get out of here
LEIA	the empire is still out there i docan not think it will wise to 
HAN	no time to discuss this as a committee
LEIA	i am not a committee
===	===
LEIA	you  had make the jump to lightspeed in this asteroid field 
HAN	sit down sweetheart we am taking off
C-3PO	look
HAN	i see it i see it
C-3PO	we am doomed
LEIA	the cave is collapsing
HAN	this is no cave
LEIA	what
===	===
YODA	run yes a jedi will strength flows from the force but beware of the dark side anger fear aggression the dark side of the force are they easily they flow quick to join you in a fight if once you start down the dark path forever will it dominate your destiny consume you it will as it did obiwan will apprentice
LUKE	vader is the dark side stronger
YODA	no no no quicker easier more seductive
LUKE	but how am i to know the good side from the bad
YODA	you will know when you are calm at peace passive a jedi uses the force for knowledge and defense never for attack
LUKE	but tell me why i  had 
YODA	no no there is no why nothing more will i teach you today clear your mind of questions mmm mmmmmm
LUKE	there will something not right here i feel cold death
YODA	that place is strong with the dark side of the force a domain of evil it is in you must go
LUKE	what will in there
YODA	only what you take with you your weapons you will not need them
===	===
PIETT	bounty hunters we docan not need that scum
FIRST CONTROLLER	yes sir
PIETT	those rebels will not escape us
SECOND CONTROLLER	sir we have a priority signal from the star destroyer avenger
PIETT	right
ANAKIN	 there will be a substantial reward for the one who finds the millennium falcon you are free to use any methods necessary but i want them alive no disintegrations
BOBA FETT	as you wish
PIETT	lord vader my lord we have them
===	===
C-3PO	oh thank goodness we am coming out of the asteroid field
===	===
HAN	let will get out of here ready for lightspeed one two three it will not fair the transfer circuits are working it will not my fault
LEIA	no lightspeed
HAN	it will not my fault
C-3PO	sir we just lost the main rear deflector shield one more direct hit on the back quarter and we am done for
HAN	turn her around i said turn her around ilet us going to put all power in the front shield
LEIA	you am going to attack them
C-3PO	sir the odds of surviving a direct assault on an imperial star destroyer 
LEIA	shut up
===	===
NEEDA	they am moving to attack position shields up track them they may come around for another pass
TRACKING OFFICER	captain needa the ship no longer appears on our scopes
NEEDA	they  had have disappeared no ship that small has a cloaking device
TRACKING OFFICER	well there will no trace of them sir
COMMUNICATIONS OFFICER	captain lord vader demands an update on the pursuit
NEEDA	get a shuttle ready i shall assume full responsibility for losing them and apologize to lord vader meanwhile continue to scan the area
COMMUNICATIONS OFFICER	yes captain needa
===	===
YODA	use the force yes  now the stone feel it concentrate
LUKE	oh no we have never get it out now
YODA	so certain are you always with you it cannot be done hear you nothing that i say
LUKE	master moving stones around is one thing this is totally different
YODA	no no different only different in your mind you must unlearn what you have learned
LUKE	all right i have give it a try
YODA	no try not do or do not there is no try
LUKE	i  had it will too big
YODA	size matters not look at me judge me by my size do you hm mmmm and well you should not for my ally in the force and a powerful ally it is life creates it makes it grow it will energy surrounds us and binds us luminous beings are we yoda pinches luke will shoulder not this crude matter a sweeping gesture you must feel the force around you gesturing here between you me the tree the rock everywhere yes even between this land and that ship
LUKE	you want the impossible i docan not i docan not believe it
YODA	that is why you fail
===	===
ANAKIN	apology accepted captain needa
PIETT	lord vader our ships have completed their scan of the area and found nothing if the millennium falcon went into lightspeed it have be on the other side of the galaxy by now
ANAKIN	alert all commands calculate every possible destination along their last know trajectory
PIETT	yes my lord we have find them
ANAKIN	docan not fail me again admiral
PIETT	alert all commands deploy the fleet
===	===
C-3PO	captain solo this time you have gone too far chewie growls no i will not be quiet chewbacca why doescan not anyone listen to me
HAN	the fleet is beginning to break up go back and stand by the manual release for the landing claw
C-3PO	i really docan not see how thats going to help surrender is a perfectly acceptable alternative in extreme circumstances the empire may be gracious enough 
HAN	thank you
LEIA	what did you have in mind for your next move
HAN	well if they follow standard imperial procedure they have dump their garbage before they go to lightspeed then we just float away
LEIA	with the rest of the garbage then what
HAN	then we are got to find a safe port somewhere around here got any ideas
LEIA	no where are we
HAN	the anoat system
LEIA	anoat system there will not much there
HAN	no well wait this is interesting lando
LEIA	lando system
HAN	lando will not a system he will a man lando calrissian he will a card player gambler scoundrel you is like him
LEIA	thanks
HAN	bespin it will pretty far but i think we can make it
LEIA	a mining colony
HAN	yeah a tibanna gas mine lando conned somebody out of it we go back a long way lando and me
LEIA	can you trust him
HAN	no but he has no love for the empire i can tell you that here we go chewie stand by detach
LEIA	you do have your moments not many but you have them
===	===
YODA	concentrate feel the force flow yes good calm yes through the force things you will see other places the future the past old friends long gone
LUKE	han leia
YODA	hmm control control you must learn control
LUKE	i saw i saw a city in the clouds
YODA	mmm friends you have there
LUKE	they were in pain
YODA	it is the future you see
LUKE	future will they die
YODA	difficult to see always in motion is the future
LUKE	i are got to go to them
YODA	decide you must how to serve them best if you leave now help them you could but you would destroy all for which they have fought and suffered
===	===
HAN	no i docan not have a landing permit ilet us trying to reach lando calrissian whoa wait a minute let me explain
INTERCOM VOICE	you will not deviate from your present course
C-3PO	rather touchy arecan not they
LEIA	i thought you knew this person
HAN	well that was a long time ago ilet us sure he will forgotten about that
INTERCOM VOICE	permission granted to land on platform threetwoseven
HAN	thank you there will nothing to worry about we go way back lando and me
LEIA	who will worried
===	===
C-3PO	oh no one to meet us
LEIA	i docan not like this
HAN	well what would you like
C-3PO	well they did let us land
HAN	look docan not worry everything will going to be fine trust me
===	===
HAN	see my friend  keep your eyes open okay
===	===
LANDO	why you slimy doublecrossing nogood swindler you are got a lot of guts coming here after what you pulled how you doing you old pirate so good to see you i never thought i is catch up with you again where you been
===	===
C-3PO	well he seems very friendly
LEIA	yes very friendly
===	===
LANDO	what are you doing here
HAN	ahh repairs i thought you could help me out
LANDO	what have you done to my ship
HAN	your ship hey remember you lost her to me fair and square
LANDO	hello what have we here welcome ilet us lando calrissian ilet us the administrator of this facility and who might you be
LEIA	leia
LANDO	welcome leia
HAN	all right all right you old smoothie
C-3PO	hello sir i am seethreepio humancyborg relations my facilities are at your  well really
LANDO	what will wrong with the falcon
HAN	hyperdrive
LANDO	i have get my people to work on it
HAN	good
LANDO	you know that ship saved my life quite a few times she will the fastest hunk of junk in the galaxy
===	===
HAN	how will the gas mine is it paying off for you
LANDO	oh not as well as i is like we am a small outpost and not very selfsufficient and i are had supply problems of every kind i are had labor difficulties catches han grinning at him what will so funny
HAN	you listen to you   you sound like a businessman a responsible leader who is have thought that huh
LANDO	you know seeing you sure brings back a few things
HAN	yeah
LANDO	yeah ilet us responsible these days it will the price you pay for being successful
C-3PO	oh nice to see a familiar face
SECOND THREEPIO	e chu ta
C-3PO	how rude
===	===
C-3PO	that sounds like an r2 unit in there i wonder if  hello how interesting oh my
MAN	who are you
C-3PO	oh ilet us terribly sorry i i didcan not mean to intrude no no please docan not get up no
===	===
YODA	luke you must complete the training
LUKE	i  had keep the vision out of my head they am my friends i are got to help them
YODA	you must not go
LUKE	but han and leia will die if i docan not
OBI-WAN	you docan not know that even yoda cannot see their fate
LUKE	but i can help them i feel the force
OBI-WAN	but you cannot control it this is a dangerous time for you when you will be tempted by the dark side of the force
YODA	yes yes to obiwan you listen the cave remember your failure at the cave
LUKE	but i are learned so much since then master yoda i promise to return and finish what i are begun you have my word
OBI-WAN	it is you and your abilities the emperor wants that is why your friends are made to suffer
LUKE	and that is why i have to go
OBI-WAN	luke i docan not want to lose you to the emperor the way i lost vader
LUKE	you will not
YODA	stopped they must be on this depends only a fully trained jedi knight with the force as his ally will conquer vader and his emperor if you end your training now if you choose the quick and easy path as vader did you will become an agent of evil
OBI-WAN	patience
LUKE	and sacrifice han and leia
YODA	if you honor what they fight for yes
OBI-WAN	if you choose to face vader you will do it alone i cannot interfere
LUKE	i understand  artoo fire up the converters
OBI-WAN	luke docan not give in to hate   that leads to the dark side
YODA	strong is vader mind what you have learned save you it can
LUKE	i will and i have return i promise
YODA	told you i did reckless is he now matters are worse
OBI-WAN	that boy is our last hope
YODA	no there is another
===	===
HAN	the ship is almost finished two or three more things and we am in great shape
LEIA	the sooner the better something will wrong here no one has seen or knows anything about threepio he will been gone too long to have gotten lost
HAN	relax i have talk to lando and see what i can find out
LEIA	i docan not trust lando
HAN	well i docan not trust him either but he is my friend besides we have soon be gone
LEIA	and then you am as good as gone arecan not you
===	===
LEIA	what happened
HAN	where found him in a junk pile
LEIA	oh what a mess chewie do you think you can repair him
HAN	lando will got people who can fix him
LEIA	no thanks
LANDO	ilet us sorry am i interrupting anything
LEIA	not really
LANDO	you look absolutely beautiful you truly belong here with us among the clouds
LEIA	thank you
LANDO	will you join me for a little refreshment everyone will invited of course having trouble with you droid
HAN	no no problem why
===	===
LANDO	so you see since we am a small operation we docan not fall into the uh jurisdiction of the empire
LEIA	so you am part of the mining guild then
LANDO	no not actually our operation is small enough not to be noticed which is advantageous for everybody since our customers are anxious to avoid attracting attention to themselves
HAN	arecan not you afraid the empire will going to find out about this little operation and shut you down
LANDO	that will always been a danger looming like a shadow over everything we are built here but things have developed that will insure security i are just made a deal that will keep the empire out of here forever
===	===
ANAKIN	we would be honored if you would join us
LANDO	i had no choice they arrived right before you did ilet us sorry
HAN	ilet us sorry too
===	===
LUKE	no threepio will with them just hang on we am almost there
===	===
C-3PO	mmmm oh my uh i uh   take this off i uh docan not mean to intrude here i docan not no no no please docan not get up no stormtroopers here we am in danger i must tell the others oh no i are been shot
===	===
LANDO	lord vader
ANAKIN	you may take captain solo to jabba the hut after i have skywalker
BOBA FETT	he will no good to me dead
ANAKIN	he will not be permanently damaged
LANDO	lord vader what about leia and the wookiee
ANAKIN	they must never again leave this city
LANDO	that was never a condition of our agreement nor was giving han to this bounty hunter
ANAKIN	perhaps you think you am being treated unfairly
LANDO	no
ANAKIN	good it would be unfortunate if i had to leave a garrison here
LANDO	this deal will getting worse all the time
===	===
C-3PO	oh yes that will very good i like that oh something will not right because now i  had see wait wait oh my what have you done ilet us backwards you stupid furball only an overgrown mophead like you would be stupid enough 
HAN	i feel terrible
LEIA	why are they doing this
HAN	they never even asked me any questions
LEIA	lando
HAN	get out of here lando
LANDO	shut up and listen vader has agreed to turn leia and chewie over to me
HAN	over to you
LANDO	they have have to stay here but at least they have be safe
LEIA	what about han
LANDO	vader will giving him to the bounty hunter
LEIA	vader wants us all dead
LANDO	he doescan not want you at all he will after somebody called skywalker
HAN	luke
LANDO	lord vader has set a trap for him
LEIA	and we am the bait
LANDO	well he will on his way
HAN	perfect you fixed us all pretty good didcan not you my friend
LANDO	stop i are done all i can do ilet us sorry i couldcan not do better but i have my own problems
HAN	yeah you am a real hero
LEIA	you certainly have a way with people
===	===
ANAKIN	this facility is crude but it should be adequate to freeze skywalker for his journey to the emperor
IMPERIAL SOLDIER	lord vader ship approaching xwing class
ANAKIN	good monitor skywalker and allow him to land
LANDO	lord vader we only use this facility for carbon freezing if you put him in there it might kill him
ANAKIN	i do not want the emperor will prize damaged we will test it on captain solo
===	===
C-3PO	if only you had attached my legs i wouldcan not be in this ridiculous position now remember chewbacca you have a responsibility to me so docan not do anything foolish
HAN	what will going on buddy
LANDO	you am being put into carbon freeze
BOBA FETT	what if he doescan not survive he will worth a lot to me
ANAKIN	the empire will compensate you if he dies put him in
C-3PO	oh no no no no stop chewbacca stop 
HAN	stop chewie stop do you hear me stop
C-3PO	yes stop please ilet us not ready to die
HAN	chewie chewie this will not help me hey save your strength there have be another time the princess   you have to take care of her you hear me
LEIA	i love you
HAN	i know
C-3PO	what what will going on turn around chewbacca i  had see oh they are encased him in carbonite he should be quite wellprotected   if he survives the freezing process that is
ANAKIN	well calrissian did he survive
LANDO	yes he will alive and in perfect hibernation
ANAKIN	he will all yours bounty hunter reset the chamber for skywalker
IMPERIAL OFFICER	skywalker has just landed my lord
ANAKIN	good see to it that he finds his way here calrissian take the princess and the wookiee to my ship
LANDO	you said they is be left in the city under my supervision
ANAKIN	i am altering the deal pray i docan not alter it any further
===	===
LEIA	luke luke docan not   it will a trap it will a trap
===	===
ANAKIN	the force is with you young skywalker but you are not a jedi yet
===	===
LANDO	well done hold them in the security tower   and keep it quiet move
LEIA	what do you think you am doing
LANDO	we am getting out of here
C-3PO	i knew all along it had to be a mistake
LEIA	do you think that after what you did to han we am going to trust you
LANDO	i had no choice 
C-3PO	what are you doing trust him trust him
LEIA	oh so we understand docan not we chewie he had no choice
LANDO	ilet us just trying to help 
LEIA	we docan not need any of your help
LANDO	haaa 
LEIA	what
C-3PO	it sounds like han
LANDO	there will still a chance to save han i mean at the east platform 
LEIA	chewie
C-3PO	ilet us terribly sorry about all this after all he will only a wookiee
===	===
BOBA FETT	put captain solo in the cargo hold
===	===
C-3PO	artoo artoo where have you been turn around you wooly   hurry hurry we am trying to save han from the bounty hunter well at least your still in one piece look what happened to me
===	===
C-3PO	oh no chewie they am behind you
===	===
ANAKIN	you have learned much young one
LUKE	you have find ilet us full of surprises
ANAKIN	your destiny lies with me skywalker obiwan knew this to be true
LUKE	no
ANAKIN	all to easy perhaps you are not as strong as the emperor thought impressive most impressive obiwan has taught you well you have controlled your fear  now release your anger only your hatred can destroy me
===	===
LANDO	the security codes has been changed
C-3PO	artoo you can tell the computer to override the security system
LANDO	attention this is lando calrissian the empire has takes control of the city i advise everyone to leave before more imperial troops arrive this way
C-3PO	docan not blame me ilet us an interpreter ilet us not supposed to know a power socket from a computer terminal
===	===
C-3PO	what are you talking about we am not interested in the hyperdrive on the millennium falcon it will fixed just open the door you stupid lump i never doubted you for a second wonderful
===	===
C-3PO	ouch oh ah that hurt bend down you thoughtless ow
LANDO	leia go
===	===
C-3PO	i thought that hairy beast would be the end of me of course i are looked better
===	===
ANAKIN	you are beaten it is useless to resist docan not let yourself be destroyed as obiwan did there is no escape docan not make me destroy you you do not yet realize your importance you have only begun to discover you power join me and i will complete your training with our combined strength we can end this destructive conflict and bring order to the galaxy
LUKE	i have never join you
ANAKIN	if you only knew the power of the dark side obiwan never told you what happened to your father
LUKE	he told me enough he told me you killed him
ANAKIN	no i am your father
LUKE	no no that will not true that will impossible
ANAKIN	search your feelings you know it to be true
LUKE	no no no
ANAKIN	luke you can destroy the emperor he has foreseen this it is your destiny join me and we can rule the galaxy as father and son come with me it will the only way
===	===
LUKE	ben ben please ben leia hear me leia
===	===
LEIA	luke we are got to go back
LANDO	what
LEIA	i know where luke is
LANDO	but what about those fighter
LEIA	chewie just do it
LANDO	but what about vader all right all right all right
===	===
ANAKIN	bring my shuttle
===	===
LANDO	look someone will up there
LEIA	it will luke chewie slow down slow down and we have get under him lando open the top hatch
===	===
LEIA	okay easy chewie
===	===
LEIA	lando
LANDO	okay would not go
===	===
LUKE	oh leia
LANDO	all right chewie let will go
===	===
LEIA	i have be back
===	===
LEIA	star destroyer
LANDO	all right chewie ready for lightspeed
LEIA	if your people fixed the hyperdrive all the coordinates are set it will now or never
LANDO	punch it they told me they fixed it i trusted them to fix it it will not my fault
===	===
PIETT	they have be in range of our tractor beam in moments lord
ANAKIN	did your men deactivate the hyperdrive on the millennium falcon
PIETT	yes my lord
ANAKIN	good prepare the boarding party and set for your weapons for stun
PIETT	yes my lord
===	===
C-3PO	noisy brute why docan not we just go into lightspeed we  had how would you know the hyperdrive is deactivated the city will central computer told you artoodetoo you know better than to trust a strange computer ouch pay attention to what you am doing
===	===
ANAKIN	luke
===	===
LUKE	father
===	===
ANAKIN	son come with me
===	===
LUKE	ben why didcan not you tell me
===	===
LANDO	chewie
===	===
LUKE	it will vader
===	===
ANAKIN	luke it is your destiny
===	===
LUKE	ben why didcan not you tell me
===	===
PIETT	alert all commands ready for the tractor beam
===	===
C-3PO	artoo come back at once you havecan not finished with me yet you docan not know how to fix the hyperdrive chewbacca can do it ilet us standing here in pieces and you am having delusions of grandeur
===	===
C-3PO	oh you did it
===	===
LANDO	luke we am ready for takeoff
LUKE	good luck lando
LANDO	when we find jabba the hut and that bounty hunter we have contact you
===	===
LUKE	i have meet you at the rendezvous point on tatooine
===	===
LANDO	princess we have find han i promise
===	===
LUKE	chewie i have be waiting for your signal take care you two may the force be with you ow
===	===
